Week 1,Exercise,Link,Warm-up Sets,Working Sets,Reps,Load,RPE,Rest,Sub 1,Sub 1 Link,Sub 2,Sub Link 2,Notes,%1RM
"Full Body 1: Squat, OHP",Back squat,www.youtube.com/watch?v=bEv6CCg2BC8&t,4,1,5,,7.5,3-4 min,,,,,Focus on technique and explosive power!,75-80%
,Back squat,,0,2,8,,N/A,3-4 min,,,,,Keep back angle and form consistent across all reps,70%
,Overhead press,www.youtube.com/watch?v=_RlRDWO2jfg,2,3,8,,N/A,2-3 min,,,,,Reset each rep (don't touch-and-press),70%
,Glute Ham Raise,youtu.be/psdbgvbdd_M,1,3,8-10,,7,1-2 min,,,,,"Keep your hips straight, do nordic ham curls if no GHR machine",N/A
,Helms row,youtu.be/axoeDmW0oAY?t=419,1,3,12-15,,9,1-2 min,,,,,Strict form. Drive elbows out and back at 45 degree angle,N/A
,Hammer curl,youtu.be/Kd3tbUnbueU,0,3,20-25,,10,1-2 min,,,,,"Keep elbows locked in place, squeeze the dumbbell handle hard!",N/A
"Full Body 2: Deadlift, Bench Press",Deadlift,www.youtube.com/watch?v=VL5Ab0T07e4&,4,3,4,,N/A,3-5 min,,,,,Conventional or sumo: use whatever stance you are stronger with,80%
,Barbell bench press,www.youtube.com/watch?v=vcBig73ojpE,4,1,3,,8.5,4-5 min,,,,,Top set. Leave 1 (maybe 2) reps in the tank. Hard set.,82.5-87.5%
,Barbell bench press,,0,2,10,,N/A,2-3 min,,,,,Quick 1 second pause on the chest on each rep,67.5%
,Hip abduction,youtu.be/zfUWbpdjczg,0,3,15-20,,9,1-2 min,,,,,"Machine, band or weighted, 1 second isometric hold at the top of each rep",N/A
,Weighted pull-up,www.youtube.com/watch?v=Hdc7Mw6BIEE,1,3,5-8,,8,3-4 min,,,,,"1.5x shoulder width grip, pull your chest to the bar",N/A
,Standing calf raise,www.youtube.com/watch?v=-qsRtp_PbVM,1,3,8-10,,9,2-3 min,,,,,"1-2 second pause at the bottom of each rep, full ROM",N/A
SUGGESTED REST DAY,,,,,,,,,,,,,,
"Full Body 3: Squat, Dip",Back squat,,4,3,4,,N/A,3-4 min,,,,,Maintain tight pressure in your upper back against the bar ,80%
,Weighted dip,www.youtube.com/watch?v=yN6Q1UI_xkE&,2,3,8,,8,2-3 min,,,,,Do dumbbell floor press if no access to dip handles,N/A
,Hanging leg raise,youtu.be/2RrGnjxSsiA?t=247,0,3,10-12,,9,1-2 min,,,,,"Knees to chest, controlled reps, straighten legs more to increase difficulty",N/A
,Lat pull-over,youtu.be/Jlw-Vtypr-Y,1,3,12-15,,8,1-2 min,,,,,"Can use a cable/rope or band, stretch and squeeze lats!",N/A
,Incline dumbbell curl,youtu.be/3FAvFJ0Vtag,1,3,12-15,,9,1-2 min,,,,,"Do each arm one at a time rather than alternating, start with your weak arm",N/A
,Face pull,www.youtube.com/watch?v=qfc70k40318,0,4,15-20,,9,1-2 min,,,,,"Can use cable/rope or band, retract your shoulder blades as you pull",N/A
"Full Body 4: Deadlift, Bench Press",Pause deadlift,youtu.be/KHcTYUf3JEs,4,4,2,,N/A,3-4 min,,,,,3 second pause right after the plates come off the ground,75%
,Pause barbell bench press,www.youtube.com/watch?v=vcBig73ojpE,3,3,5,,N/A,2-3 min,,,,,2-3 second pause on the chest,75%
,Pendlay row,www.youtube.com/watch?v=axoeDmW0oAY,1,3,10,,7,2-3 min,,,,,"Be mindful of lower back fatigue. Stay light, minimize cheating",N/A
,Nordic ham curl,www.youtube.com/watch?v=TThU76o0RK4,0,3,6-8,,8,1-2 min,,,,,"See video demos page in the program pdf, can sub for lying leg curl",N/A
,Dumbbell shrug,youtu.be/C6sYjDFuq9I?t=326,0,3,20-25,,9,1-2 min,,,,,"Feel a stretch on the traps at the bottom, squeeze hard at the top",N/A
Full Body 5: Arm & Pump Day,EZ bar curl,www.youtube.com/watch?v=i1YgFZB6alI&t,1,3,12,,8,30sec,,,,,Curl the bar out and up in an arc. Minimize momentum.,N/A
,A2. Floor skull crusher,youtu.be/popGXI-qs98?t=154,1,3,12,,8,30sec,,,,,"Arc the bar back behind your head, soft touch on the floor behind you",N/A
,B1. Incline dumbbell curl (reverse 21's),youtu.be/l41CjHBx-eY,0,3,21,,10,30sec,,,,,"Do both arms at once: 7 reps full ROM, 7 reps top 1/2, 7 reps bottom 1/2",N/A
,B2. Triceps pressdown (reverse 21's),youtu.be/p47spIApw0Q,0,3,21,,10,30sec,,,,,"Do both arms at once: 7 reps full ROM, 7 reps bottom 1/2, 7 reps top 1/2",N/A
,C1. Dumbbell lateral raise,www.youtube.com/watch?v=v_ZkxWzYnMc,0,3,20,,9,30sec,,,,,"Arc the dumbbell out, mind-muscle connection with middle fibers",N/A
,C2. Band pull-apart,youtu.be/bN_lGBqZURw,0,3,20,,9,30sec,,,,,Mind-muscle connection with rear delts,N/A
,C3. Standing calf raise,,0,3,12,,9,30sec,,,,,"1-2 second pause at the bottom of each rep, full squeeze at the top",N/A
,C4. Bicycle crunch,youtu.be/2RrGnjxSsiA?t=371,0,3,15,,9,30sec,,,,,Focus on rounding your back as you crunch hard!,N/A
,Neck flexion/extension,www.youtube.com/watch?v=gimeRpdqWQw,1,3,15/15,,8,1-2 min,,,,,Avoid yanking the plate with your hands,N/A
SUGGESTED REST DAY,,,,,,,,,,,,,,
,,,,,,,,,,,,,,
Week 2,Exercise,,Warm-up Sets,Working Sets,Reps,,RPE,Rest,,,,,Notes,%1RM
Lower #1,Deadlift,,4,3,3,,N/A,3-4 min,,,,,"Brace your lats, chest tall, pull the slack out of the bar before lifting",80%
,Sumo box squat,youtu.be/BI-IkWLs-pY,2,2,8,,7,2-3 min,,,,,"If you squat high-bar, do sumo box squat. If you squat low-bar, do pause high-bar (2 sec pause)",N/A
,Pull-through,youtu.be/NV8oPOpLsQU,0,3,12-15,,9,1-2 min,,,,,"Can use cable/rope or band, use your glutes to move the weight",N/A
,Leg curl,youtu.be/e_48W0vlU58,1,3,6-8,,8,1-2 min,,,,,Do lying leg curl machine or nordic ham curl if no machine access,N/A
,Standing calf raise,,1,3,8-10,,9,1-2 min,,,,,"1-2 second pause at the bottom of each rep, full squeeze at the top",N/A
Upper #1,Barbell bench press,,4,1,2,,8,4-5 min,,,,,Top set. Leave ~2 reps in the tank. Hard set.,85-90%
,Barbell bench press,,0,3,6,,N/A,2-3 min,,,,,"Set up a comfortable arch, slight pause on the chest, explode up",77.5%
,Chin-up,youtu.be/-d2Uui6MtRk,1,3,8-10,,8,2-3 min,,,,,"Underhand grip, pull your chest to the bar, add weight if needed to hit RPE",N/A
,Standing arnold dumbbell press,youtu.be/zOpA1Op0zvc,1,2,10-12,,9,1-2 min,,,,,Rotate the DBs in at the bottom and out at the top,N/A
,Chest-supported dumbbell row,youtu.be/bsx8PIGIuaI,1,2,12-15,,9,1-2 min,,,,,Lie on an incline bench and do rows - pull with lats!,N/A
,Face pull,,0,2,15-20,,9,1-2 min,,,,,"Can use cable/rope or band, retract your shoulder blades as you pull",N/A
,Dumbbell lateral raise,,0,2,15-20,,10,1-2 min,,,,,"Arc the dumbbell out, mind-muscle connection with middle fibers",N/A
,Concentration bicep curl,youtu.be/kr4LtmKn9EE,0,3,12-15,,9,1-2 min,,,,,Pin your elbow against your upper leg or the back of a bench,N/A
Lower #2,Back squat,,4,3,6,,N/A,3-4 min,,,,,"Sit back and down, keep your upper back tight to the bar",75%
,Good morning,www.youtube.com/watch?v=f23vXjoG2e8,2,2,10-12,,7,2-3 min,,,,,"Same as squat stance, keep shins straight, go lighter and ""feel"" hamstrings",N/A
,Leg extension,www.youtube.com/watch?v=ljO4jkwv8wQ,1,3,12-15,,9,1-2 min,,,,,"Use bands if no machine access, mind-muscle connection with quads",N/A
,Standing calf raise ,,0,3,15-20,,9,1-2 min,,,,,Emphasize the mind-muscle connection,N/A
,Hip abduction,,0,3,15-20,,9,1-2 min,,,,,"Point toes slightly outward, mind-muscle connection with glutes",N/A
,V sit-up,youtu.be/h-kVpuNoGaA,0,3,12-15,,9,1-2 min,,,,,Think about squeezing your upper and lower abs together,N/A
Upper #2,Overhead press,,3,3,4,,N/A,3-4 min,,,,,"Squeeze your glutes to keep your torso upright, press up and slightly back",80%
,Single-arm lat pulldown,youtu.be/tQ2LSSP_0GQ?t=437,1,2,10-12,,9,2-3 min,,,,,"Perform with bands if no lat pulldown, drive elbows down and in",N/A
,Close-grip bench press,youtu.be/xGfUcV11x5g,2,2,12,,7,2-3 min,,,,,"Shoulder width grip, tuck your elbows in closer to your torso",N/A
,Pendlay row,,1,2,10,,7,1-2 min,,,,,"Be mindful of lower back fatigue. Stay light, minimize cheating",N/A
,Pec flye,www.youtube.com/watch?v=-EIhKMDSjBY,0,2,15-20,,9,1-2 min,,,,,"Perform with cable, bands or dumbbells, use a full ROM",N/A
,A1. Incline shrug,youtu.be/HsdwUZtGG_0,1,2,15-20,,9,30sec,,,,,Lie face down against an incline bench and do shrugs - full ROM and squeeze!,N/A
,A2. Upright row,www.youtube.com/watch?v=nwkLwMRHMQo,1,2,15-20,,9,30sec,,,,,"Can use cables/rope, bands or dumbbells. Stop ROM once elbows reach shoulder height.",N/A
,Barbell skull crusher,www.youtube.com/watch?v=popGXI-qs98,1,2,8-10,,8,1-2 min,,,,,"Do these on a bench, constant tension on triceps",N/A
Lower #3,"5"" block pull",youtu.be/qOH1ZqkW-hw,4,2,4,,8,4-5 min,,,,,"Do block pulls from a 5"" block (can stack 45lb + 10lb bumper plates as blocks)",N/A
,Bulgarian split squat,youtu.be/htDXu61MPio,1,2,12,,7,2-3 min,,,,,"12 reps each leg, keep your torso upright, constant-tension on quads",N/A
,Hip thrust,www.youtube.com/watch?v=xDmFkJxPzeM,1,2,8-10,,7,1-2 min,,,,,"Do barbell hip thrusts if no machine, use glutes to move the weight",N/A
,Seated calf raise ,youtu.be/-qsRtp_PbVM?t=311,0,3,15-20,,9,1-2 min,,,,,"Do standing if no machine, emphasize the mind-muscle connection",N/A
,Hanging leg raise,,0,3,10-12,,8,1-2 min,,,,,"Knees to chest, controlled reps, straighten legs more to increase difficulty",N/A
,Neck flexion/extension,,1,3,12/12,,8,1-2 min,,,,,"12 reps flexion (front of neck), 12 reps extension (back of neck)",N/A
Upper #3,"""Flat-back"" barbell bench press",youtu.be/YUrlUUI1iBo,3,3,10,,7,2-3 min,,,,,Shoulder blades still retracted and depressed. Slight arch in upper back. Minimize leg drive.,N/A
,Eccentric-accentuated pull-up,www.youtube.com/watch?v=Hdc7Mw6BIEE,1,2,AMRAP,,10,2-3 min,,,,,"3 second negative on every rep, maintain controlled form for all reps",N/A
,Weighted dip,,2,2,10,,8,2-3 min,,,,,Do dumbbell floor press if no access to dip handles,N/A
,Single-arm row,www.youtube.com/watch?v=djKXLt7kv7Q,1,2,10-12,,9,2-3 min,,,,,"Can use cables, bands or dumbbells - feel your lats working!",N/A
,EZ bar curl,www.youtube.com/watch?v=i1YgFZB6alI&t,1,3,12-15,,9,1-2 min,,,,,Focus on the mind-muscle connection,N/A
,Lean-away lateral raise,youtu.be/0VvQ6olHi4I,0,2,30,,10,1-2 min,,,,,"Use a light dumbbell, constant-tension, no pause at the bottom",N/A
,Bicycle crunch,,0,2,10-12,,9,1-2 min,,,,,Keep your hands behind your ears,N/A
SUGGESTED REST DAY,,,,,,,,,,,,,,
,,,,,,,,,,,,,,
Week 3,Exercise,,Warm-up Sets,Working Sets,Reps,,RPE,Rest,,,,,Notes,%1RM
"Full Body 1: Squat, OHP",Back squat,,4,1,8,,8.5,4-5 min,,,,,Top set. Leave 1 (maybe 2) reps in the tank. Push it!,72.5-77.5%
,Back squat,,0,2,6,,N/A,3-4 min,,,,,Keep back angle and form consistent across all reps,75%
,Overhead press,,2,3,8,,N/A,2-3 min,,,,,Reset each rep (don't touch-and-press),72.5%
,Glute Ham Raise,,1,2,8-10,,7,1-2 min,,,,,"Keep your hips straight, do nordic ham curls if no GHR machine",N/A
,Helms row,,1,3,12-15,,9,1-2 min,,,,,Strict form. Drive elbows out and back at 45 degree angle,N/A
,Hammer curl,,0,3,20-25,,10,1-2 min,,,,,"Keep elbows locked in place, squeeze the dumbbell handle hard!",N/A
"Full Body 2: Deadlift, Bench Press",Deadlift,,4,4,2,,N/A,3-5 min,,,,,Conventional or sumo: use whatever stance you are stronger with,85%
,Barbell bench press,,3,1,6,,8.5,4-5 min,,,,,Top set. Leave 1 (maybe 2) reps in the tank. Push it!,75-80%
,Barbell bench press,,0,2,8,,N/A,2-3 min,,,,,Quick 1 second pause on the chest on each rep,72.5%
,Hip abduction,,0,2,15-20,,9,1-2 min,,,,,"Machine, band or weighted, 1 second isometric hold at the top of each rep",N/A
,Weighted pull-up,,1,3,5-8,,8,3-4 min,,,,,"1.5x shoulder width grip, pull your chest to the bar",N/A
,Standing calf raise,,1,3,8,,9,2-3 min,,,,,"1-2 second pause at the bottom of each rep, full ROM",N/A
SUGGESTED REST DAY,,,,,,,,,,,,,,
"Full Body 3: Squat, Dip",Back squat,,4,4,4,,N/A,3-4 min,,,,,Maintain tight pressure in your upper back against the bar ,80%
,Weighted dip,,2,3,8,,8,2-3 min,,,,,Do dumbbell floor press if no access to dip handles,N/A
,Hanging leg raise,,0,3,10-12,,9,1-2 min,,,,,"Knees to chest, controlled reps, straighten legs more to increase difficulty",N/A
,Lat pull-over,,1,3,12-15,,8,1-2 min,,,,,"Can use a DB, cable/rope or band, stretch and squeeze lats!",N/A
,Incline dumbbell curl,,1,2,12-15,,9,1-2 min,,,,,"Do each arm one at a time rather than alternating, start with your weak arm",N/A
,Face pull,,0,4,15-20,,9,1-2 min,,,,,"Can use cable/rope or band, retract your shoulder blades as you pull",N/A
"Full Body 4: Deadlift, Bench Press",Pause deadlift,,4,4,2,,N/A,3-4 min,,,,,3 second pause right after the plates come off the ground,77.5%
,Pause barbell bench press,,3,4,5,,N/A,2-3 min,,,,,2-3 second pause on the chest,75%
,Pendlay row,,1,3,10,,7,2-3 min,,,,,"Be mindful of lower back fatigue. Stay light, minimize cheating",N/A
,Nordic ham curl,,0,2,6-8,,8,1-2 min,,,,,"See video demos page in the program pdf, can sub for lying leg curl",N/A
,Dumbbell shrug,,0,3,20-25,,9,1-2 min,,,,,"Feel a stretch on the traps at the bottom, squeeze hard at the top",N/A
Full Body 5: Arm & Pump Day,EZ bar curl,,1,3,12,,8,30sec,,,,,Curl the bar out and up in an arc. Minimize momentum.,N/A
,A2. Floor skull crusher,,1,3,12,,8,30sec,,,,,"Arc the bar back behind your head, soft touch on the floor behind you",N/A
,B1. Incline dumbbell curl (reverse 21's),,0,3,21,,10,30sec,,,,,"Do both arms at once: 7 reps full ROM, 7 reps top 1/2, 7 reps bottom 1/2",N/A
,B2. Triceps pressdown (reverse 21's),,0,3,21,,10,30sec,,,,,"Do both arms at once: 7 reps full ROM, 7 reps bottom 1/2, 7 reps top 1/2",N/A
,C1. Dumbbell lateral raise,,0,3,20,,9,30sec,,,,,"Arc the dumbbell out, mind-muscle connection with middle fibers",N/A
,C2. Band pull-apart,,0,3,20,,9,30sec,,,,,Mind-muscle connection with rear delts,N/A
,C3. Standing calf raise,,0,3,12,,9,30sec,,,,,"1-2 second pause at the bottom of each rep, full squeeze at the top",N/A
,C4. Bicycle crunch,,0,3,15,,9,30sec,,,,,Focus on rounding your back as you crunch hard!,N/A
,Neck flexion/extension,,1,3,15/15,,8,1-2 min,,,,,Avoid yanking the plate with your hands,N/A
SUGGESTED REST DAY,,,,,,,,,,,,,,
,,,,,,,,,,,,,,
Week 4,Exercise,,Warm-up Sets,Working Sets,Reps,,RPE,Rest,,,,,Notes,%1RM
Lower #1,Deadlift,,4,1,2,,9,4-5 min,,,,,Top set! Aim for near PR. Keep form tight.,87.5-92.5%
,Deadlift,,0,3,3,,N/A,3-4 min,,,,,"Brace your lats, chest tall, pull the slack out of the bar before lifting",80%
,Sumo box squat,,2,2,8,,7,2-3 min,,,,,"If you squat high-bar, do sumo box squat. If you squat low-bar, do pause high-bar (2 sec pause)",N/A
,Pull-through,,0,3,12-15,,9,1-2 min,,,,,"Can use cable/rope or band, use your glutes to move the weight",N/A
,Leg curl,,1,3,6-8,,8,1-2 min,,,,,Do lying leg curl machine or nordic ham curl if no machine access,N/A
,Standing calf raise,,1,3,8-10,,9,1-2 min,,,,,"1-2 second pause at the bottom of each rep, full squeeze at the top",N/A
Upper #1,Barbell bench press,,3,3,6,,N/A,3-4 min,,,,,"Set up a comfortable arch, slight pause on the chest, explode up",77.5%
,Chin-up,,1,3,8-10,,8,2-3 min,,,,,"Underhand grip, pull your chest to the bar, add weight if needed to hit RPE",N/A
,Standing arnold dumbbell press,,1,2,10-12,,9,2-3 min,,,,,Rotate the DBs in at the bottom and out at the top,N/A
,Chest-supported dumbbell row,,1,2,12-15,,9,1-2 min,,,,,Lie on an incline bench and do rows - pull with lats!,N/A
,Face pull,,0,2,15-20,,9,1-2 min,,,,,"Can use cable/rope or band, retract your shoulder blades as you pull",N/A
,Dumbbell lateral raise,,0,2,15-20,,10,1-2 min,,,,,"Arc the dumbbell out, mind-muscle connection with middle fibers",N/A
,Concentration bicep curl,,0,3,12-15,,9,1-2 min,,,,,Pin your elbow against your upper leg or the back of a bench,N/A
Lower #2,Back squat,,4,3,6,,N/A,3-4 min,,,,,"Sit back and down, keep your upper back tight to the bar",75%
,Good morning,,2,2,10-12,,7,2-3 min,,,,,"Same as squat stance, keep shins straight, go lighter and ""feel"" hamstrings",N/A
,Leg extension,,1,3,12-15,,9,1-2 min,,,,,"Use bands if no machine access, mind-muscle connection with quads",N/A
,Standing calf raise ,,0,3,15-20,,9,1-2 min,,,,,Emphasize the mind-muscle connection,N/A
,Hip abduction,,0,3,15-20,,9,1-2 min,,,,,"Point toes slightly outward, mind-muscle connection with glutes",N/A
,V sit-up,,0,3,12-15,,9,1-2 min,,,,,Think about squeezing your upper and lower abs together,N/A
Upper #2,Overhead press,,3,3,3/3,,N/A,3-4 min,,,,,"First 3 reps strict military press (no leg drive), last 3 reps push press (use leg drive)",80%
,Single-arm lat pulldown,,1,2,10-12,,9,2-3 min,,,,,"Perform with bands if no lat pulldown, drive elbows down and in",N/A
,Barbell floor press,youtu.be/7qFp5khuoFA?t=239,2,2,12,,7,1-2 min,,,,,"Control the eccentric (don't let your elbows slam into the ground), be explosive on the way up",N/A
,Pendlay row,,1,2,10,,7,1-2 min,,,,,"Be mindful of lower back fatigue. Stay light, minimize cheating",N/A
,Pec flye,,0,2,15-20,,9,1-2 min,,,,,"Perform with cable, bands or dumbbells, use a full ROM",N/A
,A1. Incline shrug,,1,2,15-20,,9,30sec,,,,,Lie face down against an incline bench and do shrugs - full ROM and squeeze!,N/A
,A2. Bent over reverse dumbbell flye,youtu.be/qfc70k40318?t=311,1,2,15-20,,9,30sec,,,,,"Mind-muscle connection with rear delts, sweep the weight out",N/A
,Barbell skull crusher,,1,2,8-10,,8,1-2 min,,,,,"Do these on a bench, constant tension on triceps",N/A
Lower #3,"4"" block pull",,4,2,4,,8,4-5 min,,,,,"Do block pulls from a 4"" block (can use 45lb bumper plate as a block)",N/A
,Bulgarian split squat,,1,2,12,,7,2-3 min,,,,,"12 reps each leg, keep your torso upright, constant-tension on quads",N/A
,Hip thrust,,1,2,8-10,,7,1-2 min,,,,,"Do barbell hip thrusts if no machine, use glutes to move the weight",N/A
,Seated calf raise ,,0,3,15-20,,9,1-2 min,,,,,"Do standing if no machine, emphasize the mind-muscle connection",N/A
,Hanging leg raise,,0,3,10-12,,8,1-2 min,,,,,"Knees to chest, controlled reps, straighten legs more to increase difficulty",N/A
,Neck flexion/extension,,1,3,12/12,,8,1-2 min,,,,,"12 reps flexion (front of neck), 12 reps extension (back of neck)",N/A
Upper #3,"""Flat-back"" barbell bench press",,3,3,10,,7,2-3 min,,,,,Shoulder blades still retracted and depressed. Slight arch in upper back. Minimize leg drive.,N/A
,Eccentric-accentuated pull-up,Overhead press / push press,1,2,AMRAP,,10,2-3 min,,,,,"3 second negative on every rep, maintain controlled form for all reps",N/A
,Weighted dip,,2,2,10,,8,2-3 min,,,,,Do dumbbell floor press if no access to dip handles,N/A
,Single-arm row,,1,2,10-12,,9,1-2 min,,,,,"Can use cables, bands or dumbbells - feel your lats working!",N/A
,EZ bar curl,,1,3,12-15,,9,1-2 min,,,,,Focus on the mind-muscle connection,N/A
,Lean-away lateral raise,,0,2,30,,10,1-2 min,,,,,"Use a light dumbbell, constant-tension, no pause at the bottom",N/A
,Bicycle crunch,,0,2,10-12,,9,1-2 min,,,,,Keep your hands behind your ears,N/A
SUGGESTED REST DAY,,,,,,,,,,,,,,
,,,,,,,,,,,,,,
Week 5,Exercise,,Warm-up Sets,Working Sets,Reps,,RPE,Rest,,,,,Notes,%1RM
"Full Body 1: Squat, OHP",Back squat,,4,1,3,,8.5,4-5 min,,,,,Top set. Leave 1 (maybe 2) reps in the tank. Aim for near 3 rep PR.,82.5-87.5%
,Back squat,,0,2,4,,N/A,3-4 min,,,,,Keep back angle and form consistent across all reps,80%
,Overhead press,,2,3,8,,N/A,2-3 min,,,,,Reset each rep (don't touch-and-press),75%
,Glute Ham Raise,,1,2,8-10,,8,1-2 min,,,,,"Keep your hips straight, do nordic ham curls if no GHR machine",N/A
,Helms row,,1,3,12-15,,9,1-2 min,,,,,Strict form. Drive elbows out and back at 45 degree angle,N/A
,Hammer curl,,0,3,20-25,,10,1-2 min,,,,,"Keep elbows locked in place, squeeze the dumbbell handle hard!",N/A
"Full Body 2: Deadlift, Bench Press",Deadlift,,4,3,3,,N/A,3-5 min,,,,,"Brace your lats, chest tall, pull the slack out of the bar before lifting",85%
,Barbell bench press,,4,1,4,,9,4-5 min,,,,,Top set. Leave 1 rep in the tank. Aim for near 4 rep PR.,82.5-87.5%
,Barbell bench press,,0,2,6,,N/A,2-3 min,,,,,Quick 1 second pause on the chest on each rep,80%
,Hip abduction,,0,3,15-20,,9,1-2 min,,,,,"Machine, band or weighted, 1 second isometric hold at the top of each rep",N/A
,Weighted pull-up,,1,3,5-8,,8,3-4 min,,,,,"1.5x shoulder width grip, pull your chest to the bar",N/A
,Standing calf raise,,1,3,8,,9,2-3 min,,,,,"1-2 second pause at the bottom of each rep, full ROM",N/A
SUGGESTED REST DAY,,,,,,,,,,,,,,
"Full Body 3: Squat, Dip",Back squat,,4,3,6,,N/A,3-4 min,,,,,Maintain tight pressure in your upper back against the bar ,77.5%
,Weighted dip,,2,3,8,,8,2-3 min,,,,,Do dumbbell floor press if no access to dip handles,N/A
,Hanging leg raise,,0,3,10-12,,9,1-2 min,,,,,"Knees to chest, controlled reps, straighten legs more to increase difficulty",N/A
,Lat pull-over,,1,3,12-15,,9,1-2 min,,,,,"Can use a DB, cable/rope or band, stretch and squeeze lats!",N/A
,Incline dumbbell curl,,1,2,12-15,,9,1-2 min,,,,,"Do each arm one at a time rather than alternating, start with your weak arm",N/A
,Face pull,,0,4,15-20,,9,1-2 min,,,,,"Can use cable/rope or band, retract your shoulder blades as you pull",N/A
"Full Body 4: Deadlift, Bench Press",Pause deadlift,,4,4,2,,N/A,3-4 min,,,,,3 second pause right after the plates come off the ground,82.5%
,Pause barbell bench press,,3,3,6,,N/A,2-3 min,,,,,2-3 second pause on the chest,75%
,Pendlay row,,1,3,10,,7,2-3 min,,,,,"Be mindful of lower back fatigue. Stay light, minimize cheating",N/A
,Nordic ham curl,,0,3,6-8,,8,1-2 min,,,,,"See video demos page in the program pdf, can sub for lying leg curl",N/A
,Dumbbell shrug,,0,3,20-25,,10,1-2 min,,,,,"Feel a stretch on the traps at the bottom, squeeze hard at the top",N/A
Full Body 5: Arm & Pump Day,EZ bar curl,,1,3,12,,8,30sec,,,,,Curl the bar out and up in an arc. Minimize momentum.,N/A
,A2. Floor skull crusher,,1,3,12,,8,30sec,,,,,"Arc the bar back behind your head, soft touch on the floor behind you",N/A
,B1. Incline dumbbell curl (reverse 21s),,0,3,21,,10,30sec,,,,,"Do both arms at once: 7 reps full ROM, 7 reps top 1/2, 7 reps bottom 1/2",N/A
,B2. Triceps pressdown (reverse 21s),,0,3,21,,10,30sec,,,,,"Do both arms at once: 7 reps full ROM, 7 reps bottom 1/2, 7 reps top 1/2",N/A
,C1. Dumbbell lateral raise,,0,3,20,,9,30sec,,,,,"Arc the dumbbell out, mind-muscle connection with middle fibers",N/A
,C2. Band pull-apart,,0,3,20,,9,30sec,,,,,Mind-muscle connection with rear delts,N/A
,C3. Standing calf raise,,0,3,12,,9,30sec,,,,,"1-2 second pause at the bottom of each rep, full squeeze at the top",N/A
,C4. Bicycle crunch,,0,3,15,,9,30sec,,,,,Focus on rounding your back as you crunch hard!,N/A
,Neck flexion/extension,,1,3,15/15,,8,1-2 min,,,,,Avoid yanking the plate with your hands,N/A
SUGGESTED REST DAY,,,,,,,,,,,,,,
,,,,,,,,,,,,,,
,,,,,,,,,,,,,,
Week 6,Exercise,,Warm-up Sets,Working Sets,Reps,,RPE,Rest,,,,,Notes,%1RM
Lower #1,Deadlift,,4,3,4,,N/A,3-4 min,,,,,"Brace your lats, chest tall, pull the slack out of the bar before lifting",80%
,Sumo box squat,,2,2,8,,5,2-3 min,,,,,"If you squat high-bar, do sumo box squat. If you squat low-bar, do pause high-bar (2 sec pause)",N/A
,Pull-through,,0,2,12-15,,7,1-2 min,,,,,"Can use cable/rope or band, use your glutes to move the weight",N/A
,Leg curl,,1,3,6-8,,7,1-2 min,,,,,Do lying leg curl machine or nordic ham curl if no machine access,N/A
,Standing calf raise,,1,2,8-10,,8,1-2 min,,,,,"1-2 second pause at the bottom of each rep, full squeeze at the top",N/A
Upper #1,Barbell bench press,,3,2,7,,N/A,3-4 min,,,,,"Set up a comfortable arch, slight pause on the chest, explode up",77.5%
,Chin-up,,1,2,8-10,,6,2-3 min,,,,,"Underhand grip, pull your chest to the bar, add weight if needed to hit RPE",N/A
,Standing arnold dumbbell press,,1,2,10-12,,6,2-3 min,,,,,Rotate the DBs in at the bottom and out at the top,N/A
,Chest-supported dumbbell row,,1,2,12-15,,6,1-2 min,,,,,Lie on an incline bench and do rows - pull with lats!,N/A
,Face pull,,0,2,15-20,,8,1-2 min,,,,,"Can use cable/rope or band, retract your shoulder blades as you pull",N/A
,Dumbbell lateral raise,,0,2,15-20,,8,1-2 min,,,,,"Arc the dumbbell out, mind-muscle connection with middle fibers",N/A
,Concentration bicep curl,,0,3,12-15,,8,1-2 min,,,,,Pin your elbow against your upper leg or the back of a bench,N/A
Lower #2,Back squat,,4,1,1,,9,4-5 min ,,,,,Only tough set this week! Perfect technique!,90-95%
,Low-bar back squat,youtu.be/mAXDQzCilCY,0,2,7,,N/A,3-4 min,,,,,"Sit back and down, keep your upper back tight to the bar",75%
,Leg extension,,1,3,12-15,,8,1-2 min,,,,,"Use bands if no machine access, mind-muscle connection with quads",N/A
,Standing calf raise ,,0,3,15-20,,8,1-2 min,,,,,Emphasize the mind-muscle connection,N/A
,Hip abduction,,0,3,15-20,,8,1-2 min,,,,,"Point toes slightly outward, mind-muscle connection with glutes",N/A
,V sit-up,,0,3,12-15,,8,1-2 min,,,,,Think about squeezing your upper and lower abs together,N/A
Upper #2,Overhead press,,3,3,4,,N/A,3-4 min,,,,,"Squeeze your glutes to keep your torso upright, press up and slightly back",82.5%
,Single-arm lat pulldown,,1,2,10-12,,7,2-3 min,,,,,"Perform with bands if no lat pulldown, drive elbows down and in",N/A
,Deficit push-up,youtu.be/gDoTTdAhsDg,2,2,AMRAP,,10,2-3 min,,,,,As many reps as possible. Use Perfect Push-up handles or dumbbells to create a deficit,N/A
,Pendlay row,,1,2,10,,7,1-2 min,,,,,"Be mindful of lower back fatigue. Stay light, minimize cheating",N/A
,Pec flye,,0,2,15-20,,7,1-2 min,,,,,"Perform with cable, bands or dumbbells, use a full ROM",N/A
,A1. Incline shrug,,1,2,15-20,,7,30sec,,,,,Lie face down against an incline bench and do shrugs - full ROM and squeeze!,N/A
,A2. Upright row,,1,2,15-20,,7,30sec,,,,,"Can use cables/rope, bands or dumbbells. Stop ROM once elbows reach shoulder height.",N/A
,Barbell skull crusher,,1,2,8-10,,7,1-2 min,,,,,"Do these on a bench, constant tension on triceps",N/A
Lower #3,"3"" block pull",,4,2,4,,6,4-5 min,,,,,"Do block pulls from a 3"" block (can use 25lb + 10lb bumper plates as blocks)",N/A
,Bulgarian split squat,,1,2,12,,6,2-3 min,,,,,"12 reps each leg, keep your torso upright, constant-tension on quads",N/A
,Hip thrust,,1,2,8-10,,6,1-2 min,,,,,"Do barbell hip thrusts if no machine, use glutes to move the weight",N/A
,Seated calf raise ,,0,3,15-20,,8,1-2 min,,,,,"Do standing if no machine, emphasize the mind-muscle connection",N/A
,Hanging leg raise,,0,3,10-12,,8,1-2 min,,,,,"Knees to chest, controlled reps, straighten legs more to increase difficulty",N/A
,Neck flexion/extension,,1,3,12/12,,8,1-2 min,,,,,"12 reps flexion (front of neck), 12 reps extension (back of neck)",N/A
Upper #3,"""Flat-back"" barbell bench press",,3,3,10,,7,2-3 min,,,,,Shoulder blades still retracted and depressed. Slight arch in upper back. Minimize leg drive.,N/A
,Neutral grip pull-up,www.youtube.com/watch?v=Hdc7Mw6BIEE,1,2,10,,7,2-3 min,,,,,"Avoid failure, focus on good technique and maintaining consistent tempo",N/A
,Weighted dip,,2,2,10,,7,2-3 min,,,,,Do dumbbell floor press if no access to dip handles,N/A
,Single-arm row,,1,2,10-12,,7,1-2 min,,,,,"Can use cables, bands or dumbbells - feel your lats working!",N/A
,EZ bar curl,,1,3,12-15,,9,1-2 min,,,,,Focus on the mind-muscle connection,N/A
,Lean-away lateral raise,,0,2,30,,9,1-2 min,,,,,"Use a light dumbbell, constant-tension, no pause at the bottom",N/A
,Bicycle crunch,,0,2,10-12,,8,1-2 min,,,,,Keep your hands behind your ears,N/A
SUGGESTED REST DAY,,,,,,,,,,,,,,
,,,,,,,,,,,,,,
Week 7,Exercise,,Warm-up Sets,Working Sets,Reps,,RPE,Rest,,,,,Notes,%1RM
"Full Body 1: Squat, OHP",Back squat,,4,1,3,,8.5,4-5 min,,,,,Try to add some weight from Week 5 or improve bar speed at same weight,85-90%
,Back squat,,0,2,2,,N/A,3-4 min,,,,,Be mindful of technique. Focus on driving your back into the bar.,85%
,Overhead press,,2,4,8,,7,2-3 min,,,,,Reset each rep (don't touch-and-press),70%
,Glute Ham Raise,,1,2,8-10,,8,1-2 min,,,,,"Keep your hips straight, do nordic ham curls if no GHR machine",N/A
,Helms row,,1,2,12-15,,9,1-2 min,,,,,Strict form. Drive elbows out and back at 45 degree angle,N/A
,Hammer curl,,0,3,20-25,,10,1-2 min,,,,,"Keep elbows locked in place, squeeze the dumbbell handle hard!",N/A
"Full Body 2: Deadlift, Bench Press",Pause deadlift,,4,4,2,,N/A,3-5 min,,,,,3 second pause right after the plates come off the ground,75%
,Barbell bench press,,4,1,3,,9,4-5 min,,,,,Top set. Leave 1 rep in the tank. Aim for near 3 rep PR.,85-90%
,Barbell bench press,,0,2,4,,N/A,2-3 min,,,,,Focus on technique. Press the bar back and up with explosive force,80%
,Hip abduction,,0,3,15-20,,9,1-2 min,,,,,"Machine, band or weighted, 1 second isometric hold at the top of each rep",N/A
,Weighted pull-up,,1,3,3-5,,7,3-4 min,,,,,"1.5x shoulder width grip, pull your chest to the bar",N/A
,Standing calf raise,,1,3,8,,9,2-3 min,,,,,"1-2 second pause at the bottom of each rep, full ROM",N/A
SUGGESTED REST DAY,,,,,,,,,,,,,,
"Full Body 3: Squat, Dip",Back squat,,4,4,6,,N/A,3-4 min,,,,,Maintain tight pressure in your upper back against the bar ,77.5%
,Weighted dip,,2,3,8,,8,2-3 min,,,,,Do dumbbell floor press if no access to dip handles,N/A
,Hanging leg raise,,0,3,10-12,,9,1-2 min,,,,,"Knees to chest, controlled reps, straighten legs more to increase difficulty",N/A
,Lat pull-over,,1,3,12-15,,9,1-2 min,,,,,"Can use a DB, cable/rope or band, stretch and squeeze lats!",N/A
,Incline dumbbell curl,,1,2,12-15,,9,1-2 min,,,,,"Do each arm one at a time rather than alternating, start with your weak arm",N/A
,Face pull,,0,3,15-20,,9,1-2 min,,,,,"Can use cable/rope or band, retract your shoulder blades as you pull",N/A
"Full Body 4: Deadlift, Bench Press",Deadlift,,4,1,3,,8.5,4-5 min,,,,,Work up to a heavy triple with a load that hits RPE 8-9,85-90%
,Pause barbell bench press,,3,4,6,,N/A,2-3 min,,,,,2-3 second pause on the chest,75%
,Pendlay row,,1,3,10,,7,2-3 min,,,,,"Be mindful of lower back fatigue. Stay light, minimize cheating",N/A
,Nordic ham curl,,0,3,6-8,,8,1-2 min,,,,,"See video demos page in the program pdf, can sub for lying leg curl",N/A
,Dumbbell shrug,,0,3,20-25,,9,1-2 min,,,,,"Feel a stretch on the traps at the bottom, squeeze hard at the top",N/A
Full Body 5: Arm & Pump Day,EZ bar curl,,1,3,12,,8,30sec,,,,,Curl the bar out and up in an arc. Minimize momentum.,N/A
,A2. Floor skull crusher,,1,3,12,,8,30sec,,,,,"Arc the bar back behind your head, soft touch on the floor behind you",N/A
,B1. Incline dumbbell curl (reverse 21s),,0,3,21,,10,30sec,,,,,"Do both arms at once: 7 reps full ROM, 7 reps top 1/2, 7 reps bottom 1/2",N/A
,B2. Triceps pressdown (reverse 21s),,0,3,21,,10,30sec,,,,,"Do both arms at once: 7 reps full ROM, 7 reps bottom 1/2, 7 reps top 1/2",N/A
,C1. Dumbbell lateral raise,,0,3,20,,9,30sec,,,,,"Arc the dumbbell out, mind-muscle connection with middle fibers",N/A
,C2. Band pull-apart,,0,3,20,,9,30sec,,,,,Mind-muscle connection with rear delts,N/A
,C3. Standing calf raise,,0,3,12,,9,30sec,,,,,"1-2 second pause at the bottom of each rep, full squeeze at the top",N/A
,C4. Bicycle crunch,,0,3,15,,9,30sec,,,,,Focus on rounding your back as you crunch hard!,N/A
,Neck flexion/extension,,1,3,15/15,,8,1-2 min,,,,,Avoid yanking the plate with your hands,N/A
SUGGESTED REST DAY,,,,,,,,,,,,,,
,,,,,,,,,,,,,,
Week 8,Exercise,,Warm-up Sets,Working Sets,Reps,,RPE,Rest,,,,,Notes,%1RM
Lower #1,Deadlift,,4,3,5,,N/A,3-4 min,,,,,"Brace your lats, chest tall, pull the slack out of the bar before lifting",80%
,Sumo box squat,,2,2,8,,7,2-3 min,,,,,"If you squat high-bar, do sumo box squat. If you squat low-bar, do pause high-bar (2 sec pause)",N/A
,Pull-through,,0,3,12-15,,9,1-2 min,,,,,"Can use cable/rope or band, use your glutes to move the weight",N/A
,Leg curl,,1,3,6-8,,9,1-2 min,,,,,Do lying leg curl machine or nordic ham curl if no machine access,N/A
,Standing calf raise,,1,3,8-10,,9,1-2 min,,,,,"1-2 second pause at the bottom of each rep, full squeeze at the top",N/A
Upper #1,Barbell bench press,,3,2,7,,N/A,3-4 min,,,,,"Set up a comfortable arch, slight pause on the chest, explode up",77.5%
,Chin-up,,1,3,8-10,,8,2-3 min,,,,,"Underhand grip, pull your chest to the bar, add weight if needed to hit RPE",N/A
,Standing arnold dumbbell press,,1,2,10-12,,9,2-3 min,,,,,Rotate the DBs in at the bottom and out at the top,N/A
,Chest-supported dumbbell row,,1,2,12-15,,9,1-2 min,,,,,Lie on an incline bench and do rows - pull with lats!,N/A
,Face pull,,0,2,15-20,,10,1-2 min,,,,,"Can use cable/rope or band, retract your shoulder blades as you pull",N/A
,Dumbbell lateral raise,,0,3,15-20,,10,1-2 min,,,,,"Arc the dumbbell out, mind-muscle connection with middle fibers",N/A
,Concentration bicep curl,,0,3,12-15,,10,1-2 min,,,,,Pin your elbow against your upper leg or the back of a bench,N/A
Lower #2,Low-bar back squat,,4,3,7,,N/A,3-4 min,,,,,"Sit back and down, keep your upper back tight to the bar",75%
,Good morning,,2,2,10-12,,7,2-3 min,,,,,"Same as squat stance, keep shins straight, go lighter and ""feel"" hamstrings",N/A
,Leg extension,,1,3,12-15,,9,1-2 min,,,,,"Use bands if no machine access, mind-muscle connection with quads",N/A
,Standing calf raise ,,0,3,15-20,,10,1-2 min,,,,,Emphasize the mind-muscle connection,N/A
,Hip abduction,,0,3,15-20,,10,1-2 min,,,,,"Point toes slightly outward, mind-muscle connection with glutes",N/A
,V sit-up,,0,3,12-15,,10,1-2 min,,,,,Think about squeezing your upper and lower abs together,N/A
Upper #2,Overhead press,,3,3,3/3,,N/A,3-4 min,,,,,"First 3 reps strict military press (no leg drive), last 3 reps push press (use leg drive)",82.5%
,Single-arm lat pulldown,,1,2,10-12,,9,2-3 min,,,,,"Perform with bands if no lat pulldown, drive elbows down and in",N/A
,Dumbbell incline press,,2,2,12,,8,2-3 min,,,,,"45° incline, keep shoulder blades retracted and depressed",N/A
,Pendlay row,,1,2,10,,7,1-2 min,,,,,"Be mindful of lower back fatigue. Stay light, minimize cheating",N/A
,Pec flye,,0,3,15-20,,10,1-2 min,,,,,"Perform with cable, bands or dumbbells, use a full ROM",N/A
,A1. Incline shrug,,1,2,15-20,,10,30sec,,,,,Lie face down against an incline bench and do shrugs - full ROM and squeeze!,N/A
,A2. Bent over reverse dumbbell flye,,1,2,15-20,,10,30sec,,,,,"Mind-muscle connection with rear delts, sweep the weight out",N/A
,Barbell skull crusher,,1,2,8-10,,10,1-2 min,,,,,"Do these on a bench, constant tension on triceps",N/A
Lower #3,"2"" block pull",,4,2,4,,8,4-5 min,,,,,"Do block pulls from a 2"" block (can use 25lb bumper plate as blocks)",N/A
,Bulgarian split squat,,1,2,12,,7,2-3 min,,,,,"12 reps each leg, keep your torso upright, constant-tension on quads",N/A
,Hip thrust,,1,2,8-10,,7,1-2 min,,,,,"Do barbell hip thrusts if no machine, use glutes to move the weight",N/A
,Seated calf raise ,,0,3,15-20,,9,1-2 min,,,,,"Do standing if no machine, emphasize the mind-muscle connection",N/A
,Hanging leg raise,,0,3,10-12,,8,1-2 min,,,,,"Knees to chest, controlled reps, straighten legs more to increase difficulty",N/A
,Neck flexion/extension,,1,3,12/12,,8,1-2 min,,,,,"12 reps flexion (front of neck), 12 reps extension (back of neck)",N/A
Upper #3,"""Flat-back"" barbell bench press",,3,3,10,,7,2-3 min,,,,,Shoulder blades still retracted and depressed. Slight arch in upper back. Minimize leg drive.,N/A
,Eccentric-accentuated pull-up,,1,2,AMRAP,,10,2-3 min,,,,,"3 second negative on every rep, maintain controlled form for all reps",N/A
,Weighted dip,,2,2,10,,8,2-3 min,,,,,Do dumbbell floor press if no access to dip handles,N/A
,Single-arm row,,1,2,10-12,,9,1-2 min,,,,,"Can use cables, bands or dumbbells - feel your lats working!",N/A
,EZ bar curl,,1,3,12-15,,9,1-2 min,,,,,Focus on the mind-muscle connection,N/A
,Lean-away lateral raise,,0,2,30,,10,1-2 min,,,,,"Use a light dumbbell, constant-tension, no pause at the bottom",N/A
,Bicycle crunch,,0,2,10-12,,9,1-2 min,,,,,Keep your hands behind your ears,N/A
SUGGESTED REST DAY,,,,,,,,,,,,,,
,,,,,,,,,,,,,,
Week 9,Exercise,,Warm-up Sets,Working Sets,Reps,,RPE,Rest,,,,,Notes,%1RM
"Full Body 1: Squat, OHP",Back squat,,4,1,2,,8.5,4-5 min,,,,,Top set. Leave 1 (maybe 2) reps in the tank. Aim for near 2 rep PR.,87.5-92.5%
,Squat walk-out (do not squat),,0,1,10sec,,NO REPS,4-5 min,,,,,"Do not squat. Walk the weight out, hold and walk back in. Set the safety pins high and have a spotter.",100%
,Overhead press,,2,3,6,,N/A,2-3 min,,,,,Reset each rep (don't touch-and-press),80%
,Glute Ham Raise,,1,2,8-10,,7,1-2 min,,,,,"Keep your hips straight, do nordic ham curls if no GHR machine",N/A
,Helms row,,1,2,12-15,,9,1-2 mn,,,,,Strict form. Drive elbows out and back at 45 degree angle,N/A
,Hammer curl,,0,3,20-25,,10,1-2 min,,,,,"Keep elbows locked in place, squeeze the dumbbell handle hard!",N/A
"Full Body 2: Deadlift, Bench Press",Deadlift,,4,3,4,,N/A,3-5 min,,,,,Semi-deload. Focus on technique and bar speed leading into max week.,80%
,Barbell bench press,,4,1,2,,9,4-5 min,,,,,Top set. Aim for a near 2 rep PR,87.5-92.5%
,Barbell bench press,,0,2,2,,N/A,2-3 min,,,,,Focus on technique. Press the bar back and up with explosive force,87.5%
,Hip abduction,,0,3,15-20,,9,1-2 min,,,,,"Machine, band or weighted, 1 second isometric hold at the top of each rep",N/A
,Weighted pull-up,,1,3,3-5,,7,3-4 min,,,,,"1.5x shoulder width grip, pull your chest to the bar",N/A
,Standing calf raise,,1,3,8,,9,2-3 min,,,,,"1-2 second pause at the bottom of each rep, full ROM",N/A
SUGGESTED REST DAY,,,,,,,,,,,,,,
"Full Body 3: Squat, Dip",Back squat,,4,3,4,,N/A,3-4 min,,,,,Maintain tight pressure in your upper back against the bar ,82.5%
,Weighted dip,,2,3,8,,8,2-3 min,,,,,Do dumbbell floor press if no access to dip handles,N/A
,Hanging leg raise,,0,3,10-12,,9,1-2 min,,,,,"Knees to chest, controlled reps, straighten legs more to increase difficulty",N/A
,Lat pull-over,,1,3,12-15,,9,1-2 min,,,,,"Can use a DB, cable/rope or band, stretch and squeeze lats!",N/A
,Incline dumbbell curl,,1,2,12-15,,9,1-2 min,,,,,"Do each arm one at a time rather than alternating, start with your weak arm",N/A
,Face pull,,0,3,15-20,,9,1-2 min,,,,,"Can use cable/rope or band, retract your shoulder blades as you pull",N/A
"Full Body 4: Deadlift, Bench Press",Pause deadlift,,4,4,2,,N/A,3-4 min,,,,,3 second pause right after the plates come off the ground,75%
,Pause barbell bench press,,3,3,5,,N/A,2-3 min,,,,,2-3 second pause on the chest,77.5%
,Pendlay row,,1,3,10,,7,2-3 min,,,,,"Be mindful of lower back fatigue. Stay light, minimize cheating",N/A
,Nordic ham curl,,0,3,6-8,,8,1-2 min,,,,,"See video demos page in the program pdf, can sub for lying leg curl",N/A
,Dumbbell shrug,,0,3,20-25,,9,1-2 min,,,,,"Feel a stretch on the traps at the bottom, squeeze hard at the top",N/A
Full Body 5: Arm & Pump Day,EZ bar curl,,1,3,12,,8,30sec,,,,,Curl the bar out and up in an arc. Minimize momentum.,N/A
,A2. Floor skull crusher,,1,3,10,,8,30sec,,,,,"Arc the bar back behind your head, soft touch on the floor behind you",N/A
,B1. Incline dumbbell curl (reverse 21s),,0,3,21,,10,30sec,,,,,"Do both arms at once: 7 reps full ROM, 7 reps top 1/2, 7 reps bottom 1/2",N/A
,B2. Triceps pressdown (reverse 21s),,0,3,21,,10,30sec,,,,,"Do both arms at once: 7 reps full ROM, 7 reps bottom 1/2, 7 reps top 1/2",N/A
,C1. Dumbbell lateral raise,,0,3,20,,9,30sec,,,,,"Arc the dumbbell out, mind-muscle connection with middle fibers",N/A
,C2. Band pull-apart,,0,3,20,,9,30sec,,,,,Mind-muscle connection with rear delts,N/A
,C3. Standing calf raise,,0,3,12,,9,30sec,,,,,"1-2 second pause at the bottom of each rep, full squeeze at the top",N/A
,C4. Bicycle crunch,,0,3,15,,9,30sec,,,,,Focus on rounding your back as you crunch hard!,N/A
,Neck flexion/extension,,1,3,15/15,,8,1-2 min,,,,,Avoid yanking the plate with your hands,N/A
SUGGESTED REST DAY,,,,,,,,,,,,,,
,,,,,,,,,,,,,,
,,,,,,,,,,,,,,
,,,,,,,,,,,,,,
,,,,,,,,,,,,,,
,,,,,,,,,,,,,,
Week 10A,Exercise,,Warm-up Sets,Working Sets,Reps,,RPE,Rest,,,,,Notes,%1RM
Squat test,Back squat,,4,1,AMRAP,,9.5,4-5 min,,,,,As many reps as possible. Always use a spotter and good form. Aim to hit 3+ reps,90.0%
,Single-arm lat pulldown,,1,2,12,,8,2-3 min,,,,,"Perform with bands if no lat pulldown, drive elbows down and in",N/A
,Incline dumbbell curl,,0,4,12,,8,1-2 min,,,,,Focus on the mind-muscle connection,N/A
,Standing calf raise,,1,3,12,,8,1-2 min,,,,,"1-2 second pause at the bottom of each rep, full squeeze at the top",N/A
SUGGESTED 1-2 REST DAYS,,,,,,,,,,,,,,
Bench test,Barbell bench press,,4,1,AMRAP,,9.5,4-5 min,,,,,As many reps as possible. Always use a spotter and good form. Aim to hit 3+ reps,90.0%
,Leg curl,,1,3,8-10,,8,2-3 min,,,,,Do lying leg curl machine or nordic ham curl if no machine access,N/A
,Dumbbell lateral raise,,0,2,15-20,,8,1-2 min,,,,,"Arc the dumbbell out, mind-muscle connection with middle fibers",N/A
,Triceps pressdown,,1,3,12,,8,1-2 min,,,,,"Can do with cables or bands, squeeze triceps to move the weight",N/A
SUGGESTED 1-2 REST DAYS,,,,,,,,,,,,,,
Deadlift test,Deadlift,,4,1,AMRAP,,9.5,4-5 min,,,,,As many reps as possible. Always use a spotter and good form. Aim to hit 3+ reps,90.0%
,Overhead press,,2,3,10,,6,2-3 min,,,,,Reset each rep (don't touch-and-press),N/A
,Leg extension,,1,3,12,,7,1-2 min,,,,,"Use bands if no machine access, mind-muscle connection with quads",N/A
,Bicycle crunch,,0,4,15,,8,1-2 min,,,,,Focus on rounding your back as you crunch hard!,N/A
,,,,,,,,,,,,,,
,,,,,,,,,,,,,,
Week 10B,Exercise,,Warm-up Sets,Working Sets,Reps,,RPE,Rest,,,,,Notes,%1RM
Squat test,Back squat,,5,1-3,1,,9.5,4-5 min,,,,,Aim for a new PR. Start with 100% and increase by ~2.5% every attempt until you hit a 9.5 RPE. Use a spotter and good form!,100-105%
,Single-arm lat pulldown,,1,2,12,,8,2-3 min,,,,,"Perform with bands if no lat pulldown, drive elbows down and in",N/A
,Incline dumbbell curl,,0,4,12,,8,1-2 min,,,,,Focus on the mind-muscle connection,N/A
,Standing calf raise,,1,3,12,,8,1-2 min,,,,,"1-2 second pause at the bottom of each rep, full squeeze at the top",N/A
SUGGESTED 1-2 REST DAYS,,,,,,,,,,,,,,
Bench test,Barbell bench press,,5,1-3,1,,9.5,4-5 min,,,,,Aim for a new PR. Start with 100% and increase by ~2.5% every attempt until you hit a 9.5 RPE. Use a spotter and good form!,100-105%
,Leg curl,,1,3,8-10,,8,2-3 min,,,,,Do lying leg curl machine or nordic ham curl if no machine access,N/A
,Dumbbell lateral raise,,0,2,15-20,,8,1-2 min,,,,,"Arc the dumbbell out, mind-muscle connection with middle fibers",N/A
,Triceps pressdown,,1,3,12,,8,1-2 min,,,,,"Can do with cables or bands, squeeze triceps to move the weight",N/A
SUGGESTED 1-2 REST DAYS,,,,,,,,,,,,,,
Deadlift test,Deadlift,,5,1-3,1,,9.5,4-5 min,,,,,Aim for a new PR. Start with 100% and increase by ~2.5% every attempt. 5-min rest between attempts. Use good form!,100-105%
,Overhead press,,2,3,10,,6,2-3 min,,,,,Reset each rep (don't touch-and-press),N/A
,Leg extension,,1,3,12,,7,1-2 min,,,,,"Use bands if no machine access, mind-muscle connection with quads",N/A
,Bicycle crunch,,0,4,15,,8,1-2 min,,,,,Focus on rounding your back as you crunch hard!,N/A
,,,,,,,,,,,,,,
,,,,,,,,,,,,,,
Week 11,Exercise,,Warm-up Sets,Working Sets,Reps,,RPE,Rest,,,,,Notes,%1RM
Lower #1,Deadlift,,4,2,3,,N/A,3-5 min,,,,,"Brace your lats, chest tall, pull the slack out of the bar before lifting",75%
,Sumo box squat,,2,2,6,,5,2-3 min,,,,,"If you squat high-bar, do sumo box squat. If you squat low-bar, do pause high-bar (2 sec pause)",N/A
,Leg curl,,1,2,6-8,,6,1-2 min,,,,,Do lying leg curl machine or nordic ham curl if no machine access,N/A
,Standing calf raise,,1,2,8-10,,6,1-2 min,,,,,"1-2 second pause at the bottom of each rep, full squeeze at the top",N/A
,Hanging leg raise,,0,2,10-12,,6,1-2 min,,,,,"Knees to chest, controlled reps, straighten legs more to increase difficulty",N/A
Upper #1,Barbell bench press,,3,3,6,,N/A,3-4 min,,,,,"Set up a comfortable arch, slight pause on the chest, explode up",72.5%
,Assisted chin-up,,1,3,8-10,,7,2-3 min,,,,,"Underhand grip, pull your chest to the bar, add weight if needed to hit RPE",N/A
,Overhead press,,2,2,4,,N/A,2-3 min,,,,,"Squeeze your glutes to keep your torso upright, press up and slightly back",75%
,Chest-supported dumbbell row,,1,2,12-15,,7,1-2 min,,,,,Lie on an incline bench and do rows - pull with lats!,N/A
,A1: Face pull,,0,2,15-20,,8,30sec,,,,,"Can use cable/rope or band, retract your shoulder blades as you pull",N/A
,A2: Dumbbell lateral raise,,0,2,15-20,,8,30sec,,,,,"Arc the dumbbell out, mind-muscle connection with middle fibers",N/A
,B1: Concentration bicep curl,,0,2,12-15,,8,30sec,,,,,Pin your elbow against your upper leg or the back of a bench,N/A
,B2: Triceps pressdown,,0,2,12-15,,8,30sec,,,,,"Can do with cables or bands, squeeze triceps to move the weight",N/A
SUGGESTED REST DAY (1-2 days off depending on your schedule),,,,,,,,,,,,,,
Lower #2,Back squat,,4,2,6,,N/A,3-4 min,,,,,"Sit back and down, keep your upper back tight to the bar",70%
,Snatch-grip Romanian deadlift,,2,2,8,,6,2-3 min,,,,,"Wide grip, mind-muscle connection with hamstrings",N/A
,Leg extension,,1,2,12-15,,7,1-2 min,,,,,"Use bands if no machine access, mind-muscle connection with quads",N/A
,Standing calf raise ,,0,3,15-20,,8,1-2 min,,,,,Emphasize the mind-muscle connection,N/A
,Hip abduction,,0,3,15-20,,8,1-2 min,,,,,"Point toes slightly outward, mind-muscle connection with glutes",N/A
,V sit-up,,0,3,12-15,,8,1-2 min,,,,,Think about squeezing your upper and lower abs together,N/A
,Neck flexion/extension,,1,3,12/12,,8,1-2 min,,,,,"12 reps flexion (front of neck), 12 reps extension (back of neck)",N/A
Upper #2,Close-grip bench press,,3,3,10,,6,2-3 min,,,,,"Shoulder width grip, tuck your elbows in closer to your torso",N/A
,Chest-supported dumbbell row,,1,2,10,,6,3-4 min,,,,,Lie on an incline bench and do rows - pull with lats!,N/A
,Weighted dip,,2,3,6,,7,2-3 min,,,,,Do floor dumbbell press if no access to dip handles,N/A
,Single-arm lat pulldown,,1,2,10,,8,2-3 min,,,,,"Perform with bands if no lat pulldown, drive through elbows",N/A
,A1. Incline shrug,,0,2,15-20,,8,30sec,,,,,Lie against an incline bench and do shrugs - full ROM and squeeze!,N/A
,A2. Upright row,,0,2,15-20,,8,30sec,,,,,"Can use cables/rope, bands or dumbbells. Stop ROM once elbows reach shoulder height.",N/A
,B1: EZ bar curl,,0,3,12-15,,8,30sec,,,,,Focus on the mind-muscle connection,N/A
,B2. Skull crusher,,0,3,8-10,,8,30sec,,,,,"Barbell or EZ bar, do these on a bench, constant tension on triceps",N/A
SUGGESTED REST DAY (1-2 days off depending on your schedule),,,,,,,,,,,,,,